stg;vert;pversion;pnr;pdtxt;ppruefer;Prüfer 1;zweitpruefer;Prüfer 2;pdauer;pform;psem;angeboten
AB;;141;1030;Technik Grundlagen;6317;;;;210;KL;20201;J
AB;;141;4030;Grundlagen Organisation 1;1224;;;;90;KL;20201;J
AB;;161;1020;Konstruktion Grundlagen;0178;;0452;;120;KL;20201;J
AB;;161;1030;Technik Grundlagen;6317;;;;210;KL;20201;J
AB;;161;2030;Grundlagen Entwerfen 2;00692;;;;180;KL;20201;J
AB;;161;4030;Grundlagen Organisation 1;1224;;;;90;KL;20201;J
AB;;161;4040;Grundl.Recht 1;0363;;;;90;KL;20201;J
AB;;161;4050;Fremdsprache Grundkurs;2839;;;;60;KL;20201;J
AB;;161;5010;Grundl.Recht 2;0363;;;;45;KL;20201;J
AB;;161;17890;Bauorganisation;1224;;;;90;KL;20201;J
AB;;161;18230;WPF Techn. Infrastruktur;6174;;7410;;90;KL;20201;J
AB;;161;18260;WPF Umweltrecht;0461;;;;60;KL;20201;J
AB;;161;18270;WPF Verwaltungs-u.Grundst;3714;;;;90;KL;20201;J
AB;;161;19160;WPF Fremdsprache;2839;;;;;KL;20201;J
AB;;161;19200;WPF Baul.u.Lean cons.Mgmt;1224;;15440;;90;KL;20201;J
AB;;192;1921010;Grundlagen Entwerfen 1;15968;;;;45;KL;20201;J
AB;;192;1921030;Grundlagen Technik;6317;;;;180;KL;20201;J
BB;;162;1010;Mathematik I;0095;;;;45;KL;20201;J
BB;;162;1030;Baustoffkunde I;0499;;;;90;KL;20201;J
BB;;162;1050;Bauphysik;1471;;;;60;KL;20201;J
BB;;162;1060;Wirt., Recht u. Manag. I;1218;;6415;;60;KL;20201;J
BB;;162;2010;Mathematik II;15651;;5556;;120;KL;20201;J
BB;;162;2020;Mechanik II;1969;;0820;;120;KL;20201;J
BB;;162;2030;Baustoffkunde II;0499;;;;90;KL;20201;J
BB;;162;2040;Geotechnik I;0815;;;;60;KL;20201;J
BB;;162;2060;Vermessungskunde;0521;;;;60;KL;20201;J
BB;;162;2070;Wirtschaft, Recht, Ma. II;1947;;15506;;90;KL;20201;J
BB;;162;3010;Baustatik I;15291;;;;90;KL;20201;J
BB;;162;3020;Geotechnik II;3281;;;;90;KL;20201;J
BB;;162;3030;Konstrukt. Ingenieurbau I;0820;;;;90;KL;20201;J
BB;;162;3040;Verkehrswesen I;6874;;14230;;90;KL;20201;J
BB;;162;3050;Wasserwesen;15621;;8617;;100;KL;20201;J
BB;;162;3060;Baubetrieb I;1218;;;;90;KL;20201;J
BB;;162;4010;Geotechnik III;1126;;3281;;60;KL;20201;J
BB;;162;4020;Konstrukt. Ingenieurb. II;15282;;;;90;KL;20201;J
BB;;162;4030;Konstruk. Ingenieurb. III;15291;;16003;;90;KL;20201;J
BB;;162;4040;Verkehrswesen II;0360;;0203;;60;KL;20201;J
BB;;162;4045;Vorl. Verkehrswesen II;0360;;;;60;KL;20201;J
BB;;162;4050;Siedlungswasserwirtsch. I;15941;;;;60;KL;20201;J
BB;;162;4060;Wasserwirtschaft/-bau I;15621;;;;60;KL;20201;J
BB;;162;5011;Arbeitsschutz;8412;;;;60;KL;20201;J
BB;;162;17110;Bauen m. vorgefert. Elem.;1218;;;;60;KL;20201;J
BB;;162;17160;Planungsrecht;1199;;1198;;60;KL;20201;J
BB;;162;17170;Sonderf.der Kalkulation;0132;;;;60;KL;20201;J
BB;;162;17180;Schalung und Rüstung;1108;;1218;;60;KL;20201;J
BB;;162;17200;Brandschutz;6147;;0115;;60;KL;20201;J
BB;;192;601921010;Mathematik I;0095;;;;45;KL;20201;J
BB;;192;601921030;Baustoffkunde I;0499;;;;90;KL;20201;J
BB;;192;601921050;Vermessungskunde;0521;;;;60;KL;20201;J
BB;;192;601921060;Bauphysik;1471;;;;60;KL;20201;J
BB;;192;601921070;Wirtschaft und Management;1218;;6415;;60;KL;20201;J
BB;;192;601922010;Mathematik II;5556;;15651;;120;KL;20201;J
BB;;192;601922020;Mechanik II;1969;;0820;;120;KL;20201;J
BB;;192;601922030;Baustoffkunde II;0499;;;;90;KL;20201;J
BB;;192;601922040;Geotechnik I;0815;;;;60;KL;20201;J
BB;;192;601922060;Recht und Management;1947;;15506;;90;KL;20201;J
BB;;192;601923010;Baustatik I;15291;;;;90;KL;20201;J
BB;;192;601923020;Geotechnik II;3281;;;;90;KL;20201;J
BB;;192;601923030;Stahlbau I;0820;;;;120;KL;20201;J
BB;;192;601923040;Verkehrswesen I;6874;;14230;;90;KL;20201;J
BB;;192;601923050;Wasserwesen;15621;;8617;;100;KL;20201;J
BB;;192;601923060;Bauproduktionstechnik;1218;;;;60;KL;20201;J
BB;;192;601924010;Geotechnik III;1126;;3281;;90;KL;20201;J
BB;;192;601924020;Stahlbetonbau I;15282;;;;90;KL;20201;J
BB;;192;601924030;Ingenieurholzbau I;15291;;16003;;90;KL;20201;J
BB;;192;601924040;Verkehrswesen II;0360;;0203;;60;KL;20201;J
BB;;192;601924045;Vorl. Verkehrswesen II;0360;;;;60;KL;20201;J
BB;;192;601924050;Siedlungswasserwirtsch. I;15941;;;;60;KL;20201;J
BB;;192;601924060;Wasserwirtschaft/-bau I;15621;;;;60;KL;20201;J
BB;;192;601925011;Arbeitsschutz;8412;;;;60;KL;20201;J
BB;BM;162;6020;Planung u. Konstruktion I;0787;;;;60;KL;20201;J
BB;BM;162;6030;Planung/Konstruktion II;0115;;;;120;KL;20201;J
BB;BM;162;6040;Baumanagement I;15461;;15862;;90;KL;20201;J
BB;BM;162;6050;Baumanagement II;1218;;;;60;KL;20201;J
BB;BM;162;6060;Baumanagement III;1108;;1218;;60;KL;20201;J
BB;BM;162;7030;Baubetriebswirtsch.;0132;;1111;;120;KL;20201;J
BB;KI;162;6020;Baustatik II;15291;;;;150;KL;20201;J
BB;KI;162;6030;Stahl-/Spannbetonbau;15282;;1969;;150;KL;20201;J
BB;KI;162;6040;Stahlbau;0834;;;;120;KL;20201;J
BB;KI;162;7020;Geotechnik IV;1126;;;;90;KL;20201;J
BB;KI;162;7030;Ingenieurholzbau;16003;;;;90;KL;20201;J
BB;WV;162;6020;Verkehrswesen III;14230;;6874;;120;KL;20201;J
BB;WV;162;6030;Hydromechanik;15621;;;;60;KL;20201;J
BB;WV;162;6040;Siedlungswasserwirtschaft;6174;;8617;;90;KL;20201;J
BB;WV;162;6050;Wasserwirtschaft/-bau;15621;;;;80;KL;20201;J
BB;WV;162;7020;Abfallwirtschaft;0155;;;;90;KL;20201;J
BB;WV;162;7030;Verkehrswesen IV;0203;;;;120;KL;20201;J
BW;;132;3191;Wirtschaftsenglisch 1;2555;;2839;;60;KL;20201;J
BW;;132;9000;Wirtschaftswissensch.Grdl;0386;;;;90;KL;20201;J
BW;;132;9001;Grundl.Recht und Steuern;0138;;2156;;120;KL;20201;J
BW;;132;9002;Grundz.d Unternehmensf.;1091;;;;60;KL;20201;J
BW;;132;9003;Grundz. d. Personalwes.;15827;;;;60;KL;20201;J
BW;;132;9004;Grundzüge des Marketing;0325;;15794;;60;KL;20201;J
BW;;132;9005;Grdl.Quantitative Method.;0671;;8462;;120;KL;20201;J
BW;;132;9006;Grdl.Qualtitativer Proze.;1006;;2153;;120;KL;20201;J
BW;;132;9007;Grdl.Geschäftsab.Finanzen;4136;;2141;;90;KL;20201;J
BW;;132;9008;Grundl. d.Unternehmsrech.;2846;;;;90;KL;20201;J
BW;;132;9009;Grdl. logist. Prozesse;1304;;;;90;KL;20201;J
BW;;132;9010;Grdl.technischer Prozesse;1006;;;;120;KL;20201;J
BW;;182;3191;Business English I;2555;;2839;;60;KL;20201;J
BW;;192;611929000;Volkswirtschaftslehre;0386;;;;120;KL;20201;J
BW;;192;611929001;Quantitative Methoden 1;0671;;8462;;150;KL;20201;J
BW;;192;611929002;Management;1091;;1006;;90;KL;20201;J
BW;;192;611929003;Betriebl.Rechnungswesen;4136;;;;90;KL;20201;J
BW;;192;611929004;Produktions-u.Technolog.;1006;;;;90;KL;20201;J
BW;;192;611929005;Methodenkompetenz;6415;;;;;KL;20201;J
BW;;192;611929006;Wirtschaftsrecht;0138;;2156;;120;KL;20201;J
BW;;192;611929007;Marktforschung;0325;;;;;KL;20201;J
BW;;192;611929008;Qualitätsmanagement;0871;;;;90;KL;20201;J
BW;;192;611929009;Kosten- und Leistungsrech;2846;;;;90;KL;20201;J
BW;;192;611929010;Supply Chain Management;1213;;1304;;90;KL;20201;J
BW;GM;132;3091;Beschaffung und Logistik;15452;;;;90;KL;20201;J
BW;GM;132;3092;Dienstleistungsmanagement;15965;;;;90;KL;20201;J
BW;GM;132;5094;Bilanzpolitik und Bilanza;4136;;;;90;KL;20201;J
BW;GM;132;5096;Kapitalmärkte und Banken;1678;;;;90;KL;20201;J
BW;GM;132;5097;Marketing und Vertrieb;0325;;;;90;KL;20201;J
BW;GM;132;5099;Unternehmenssteuern;0508;;;;90;KL;20201;J
BW;GM;132;5141;Operations Research;1132;;;;90;KL;20201;J
BW;GM;132;9013;Recht und Steuern;4136;;0321;;120;KL;20201;J
BW;GM;132;9015;Nat.u.Intern. Rechnungsl.;0508;;;;120;KL;20201;J
BW;GM;132;9016;Controlling;0694;;;;120;KL;20201;J
BW;GM;132;9020;Corporate Finance;1678;;;;120;KL;20201;J
GM;;132;1011;PVL Economics and Bus.Inf;3514;;0694;;90;KL;20201;J
GM;;132;9004;Marketing Management;0325;;;;60;KL;20201;J
GM;;132;9006;Operations Management;1006;;;;90;KL;20201;J
GM;;132;9011;Intern. Business Law;0138;;0694;;120;KL;20201;J
GP;;182;1020;Theoretische Gebäudephysi;1436;;1471;;150;KL;20201;J
GP;;182;17100;Theor.Bauphy.Schall;1471;;;;60;KL;20201;J
GP;;182;17120;Körperschall u.inno.Lärm;3615;;9145;;90;KL;20201;J
GP;;182;17130;Schallschutz 1;3615;;;;60;KL;20201;J
GP;;182;17140;Schallimmisionsschutz 1;1471;;;;60;KL;20201;J
GP;;182;17150;Heizung, Klima, Lüftung;1436;;;;70;KL;20201;J
GT;;131;1010;Strukturmechanik;15291;;;;180;KL;20201;J
GT;;131;1020;Geomechanik 1;3281;;;;150;KL;20201;J
GT;;131;1030;Stahl- und Stahlbetonbau;15282;;;;150;KL;20201;J
GT;;131;1050;Tunnelbau 1;0815;;;;60;KL;20201;J
GT;;131;2050;Wirtschaft, Recht, Manag.;6817;;;;180;KL;20201;J
GTM;;192;911921010;Strukturmechanik;15291;;;;180;KL;20201;J
GTM;;192;911921020;Geomechanik 1;3281;;;;150;KL;20201;J
GTM;;192;911921030;Stahl- und Stahlbetonbau;15282;;;;150;KL;20201;J
GTM;;192;911921040;Planen und Entwerfen GT;1126;;;;180;KL;20201;J
GTM;;192;911921050;Tunnelbau 1;0815;;;;90;KL;20201;J
GTM;;192;911921060;Recht;6817;;3281;;120;KL;20201;J
GTM;;192;911922010;Geomechanik 2;3281;;;;105;KL;20201;J
GTM;;192;911922020;Numerische Verfahren Geo.;3281;;;;90;KL;20201;J
GTM;;192;911922040;Tunnelbau 2;0815;;;;120;KL;20201;J
GTM;;192;911922050;Wirtschaft und Management;6817;;3281;;120;KL;20201;J
GTM;;1922;911921010;Strukturmechanik;15291;;;;180;KL;20201;J
GTM;;1922;911921020;Geomechanik 1;3281;;;;150;KL;20201;J
GTM;;1922;911921030;Recht;6817;;3281;;120;KL;20201;J
GTM;;1922;911922010;Geomechanik 2;3281;;;;105;KL;20201;J
GTM;;1922;911922020;Numerische Verfahren Geo.;3281;;;;90;KL;20201;J
IB;;141;6030;Fachwissen Innenraum 6;0632;;;;120;KL;20201;J
IB;;172;2030;Fachwissen Innenraum 2;2174;;;;120;KL;20201;J
IB;;172;2040;Fachwissen Möbel 2;00693;;6175;;60;KL;20201;J
IB;;172;2050;Fachw. Kul. u. Humanw. 2;1188;;;;90;KL;20201;J
IB;;172;3030;Fachwissen Innenraum 3;2174;;;;120;KL;20201;J
IB;;172;3040;Fachwissen Möbel 3;00693;;;;60;KL;20201;J
IB;;172;3050;Fachw. Kul. u. Humanw. 3;1188;;;;90;KL;20201;J
IB;;172;4030;Fachwissen Innenraum 4;15337;;;;80;KL;20201;J
IB;;172;4040;Fachwissen Möbel 4;00693;;;;60;KL;20201;J
IB;;172;4050;Fachw. Kul. u. Humanw. 4;1188;;;;90;KL;20201;J
IB;;192;11921050;1_Wissen;1188;;;;60;KL;20201;J
IB;;192;11921120;WPF Fremdsprache;2839;;;;60;KL;20201;J
IB;;192;11923055;3_Designgeschichte;1188;;;;60;KL;20201;J
IB;;192;11927310;WPF Techn. Infrastruktur;6174;;7410;;90;KL;20201;J
IB;;192;11927360;WPF Baul.u.Lean cons.Mgmt;1224;;15440;;90;KL;20201;J
IB;;192;11927410;WPF Umweltrecht;0461;;;;60;KL;20201;J
IB;;192;11927450;WPF Verwaltungs-u.Grundst;3714;;;;90;KL;20201;J
IB;;192;11927560;WPF Bauorganisation;1224;;;;90;KL;20201;J
IF;;132;1020;Diskrete Mathematik;15995;;;;90;KL;20201;J
IF;;132;1030;Einführ. i.d. Informatik;489;;;;60;KL;20201;J
IF;;132;1050;Betriebswirtschaftslehre;15510;;;;90;KL;20201;J
IF;;132;2010;Mathematik 2;0055;;;;120;KL;20201;J
IF;;132;2020;Lineare Algebra;0017;;;;60;KL;20201;J
IF;;132;2030;Programmieren 2;1010;;;;120;KL;20201;J
IF;;132;3011;Numerik;0095;;;;90;KL;20201;J
IF;;132;3012;Statistik;3213;;;;90;KL;20201;J
IF;;132;3013;Operations Research;3213;;;;90;KL;20201;J
IF;;132;3020;Datenstrukt.u.Algorithmen;4406;;;;120;KL;20201;J
IF;;132;3030;Software-Technik;0388;;;;120;KL;20201;J
IF;;132;3050;Theoretische Informatik;0311;;;;120;KL;20201;J
IF;;132;4010;Datenbanksysteme;0092;;;;60;KL;20201;J
IF;;132;4050;Kommunikationssysteme;15950;;3251;;120;KL;20201;J
IF;;132;7010;Betriebspsychologie;3512;;;;60;KL;20201;J
IF;;132;7020;Recht;2413;;;;60;KL;20201;J
IF;;132;17000;Compilerbau;4406;;;;90;KL;20201;J
IF;;132;18030;Operations Research;3213;;;;90;KL;20201;J
IF;;132;18150;e-Commerce;1426;;;;90;KL;20201;J
IL;;132;2060;Fremdsprachen 2;0381;;2839;;60;KL;20201;J
IL;;132;3010;Modellierung raumb. Daten;0139;;15215;;120;KL;20201;J
IL;;132;3020;Datenstrukturen/Algorithm;4406;;;;120;KL;20201;J
IL;;132;3030;IT in der Logistik;3254;;0278;;90;KL;20201;J
IL;;132;3050;Operations Research;3213;;;;90;KL;20201;J
IL;;132;4010;Datenbanksysteme;1835;;;;60;KL;20201;J
IL;;132;4020;Messsysteme räuml. Objek;0236;;;;90;KL;20201;J
IL;;132;4030;Verteilte Systeme u.Netzw;15950;;;;120;KL;20201;J
IL;;132;4040;Techn. Kommunikationsman.;8415;;0139;;120;KL;20201;J
IL;;132;4050;Recht;2413;;;;60;KL;20201;J
IL;;132;6020;Analyse raumbez. Daten;15660;;3254;;120;KL;20201;J
IL;;132;6030;Informationlog. Prozesse;3254;;;;60;KL;20201;J
IL;;132;7020;Content Management;0312;;;;60;KL;20201;J
IL;;132;17300;Software Engineering;0388;;;;120;KL;20201;J
IL;;132;17400;Technische Logistik;8415;;14698;;90;KL;20201;J
IL;;132;17500;eCommerce;1426;;;;90;KL;20201;J
IL;;182;1030;Grundl. d. Informationsl.;8415;;15845;;120;KL;20201;J
IL;;182;1040;Einf. Logistik u. Betw.;3254;;;;90;KL;20201;J
IL;;182;1050;Fremdsprachen 1;0381;;2839;;60;KL;20201;J
IL;;182;2010;Mathematik 2;8461;;;;120;KL;20201;J
IL;;182;2020;Programmieren 2;8415;;0139;;120;KL;20201;J
IL;;182;2030;Aktoren;8415;;;;60;KL;20201;J
IL;;182;2040;Telematik;8415;;0817;;90;KL;20201;J
IL;;182;2050;Sensoren u. Auswerttechni;8415;;0236;;120;KL;20201;J
IL;;182;2060;Fremdsprachen 2;0381;;2839;;60;KL;20201;J
IL;;182;3010;Modellierung raumb. Daten;0139;;15215;;90;KL;20201;J
IL;;182;3020;Datenstrukturen/Algorithm;4406;;;;120;KL;20201;J
IL;;182;3030;IT in der Logistik;3254;;0278;;90;KL;20201;J
IL;;182;3050;Operations Research;3213;;;;90;KL;20201;J
IL;;182;4010;Datenbanksysteme;1835;;;;60;KL;20201;J
IL;;182;4020;Messsysteme räuml. Objek;0236;;;;90;KL;20201;J
IL;;182;4030;Verteilte Systeme;15950;;;;120;KL;20201;J
IL;;182;4040;Techn. Kommunikationsman.;8415;;0139;;90;KL;20201;J
IL;;182;4050;Recht, Qualitätsmanagemen;2413;;8415;;120;KL;20201;J
IM;;131;3010;Versorgungstechnik;7410;;;;120;KL;20201;J
IM;;131;3030;Verkehrsinfrastruktur 2;14230;;;;90;KL;20201;J
IM;;131;3040;Projektentw./Baumanag. 2;1974;;1597;;90;KL;20201;J
IM;;131;3050;Unternehmensführung 2;4654;;2341;;120;KL;20201;J
IM;;131;4015;Grundlagen Arbeitsschutz;8412;;;;45;KL;20201;J
IM;;131;5000;Arbeitsschutzmanagement;15994;;;;60;KL;20201;J
IM;;131;5020;Projektentw./Baumanag. 3;15489;;;;60;KL;20201;J
IM;;131;5030;Unternehmensführung 3;2341;;15505;;150;KL;20201;J
IM;;131;5050;Sonderthemen;0597;;1315;;90;KL;20201;J
IM;;131;6010;Siedlungswasserwirtschaft;6174;;1134;;180;KL;20201;J
IM;;131;6020;Abfallwirtschaft;0155;;;;120;KL;20201;J
IM;;131;6040;Verkehrsinfrastruktur 3;15364;;6874;;120;KL;20201;J
IM;;131;6050;Öffentliche Verwaltung;2341;;;;60;KL;20201;J
IM;;131;7010;Recht 2;1973;;;;90;KL;20201;J
IM;;131;7030;Energie 3;0457;;6745;;60;KL;20201;J
IM;;131;7040;Umweltmanagement;6174;;;;60;KL;20201;J
IM;;131;17120;Raumplanung;2111;;;;45;KL;20201;J
IM;;131;17150;Hydrologie u.Wasserwirts.;6174;;;;60;KL;20201;J
IM;;131;19130;Internationaler ÖPNV;6874;;15491;;60;KL;20201;J
IM;;131;19140;Bahntechnik;6874;;;;45;KL;20201;J
IM;;172;1010;Mathematik 1;15661;;2417;;120;KL;20201;J
IM;;172;1020;Einführung in die Inf.;6811;;;;60;KL;20201;J
IM;;172;1040;Physik für Ingenieure;5454;;7410;;90;KL;20201;J
IM;;172;1050;Wirtschaftslehre;7410;;15837;;60;KL;20201;J
IM;;172;1060;Baustoffe u. Geotechnik 1;14230;;0815;;90;KL;20201;J
IM;;172;2010;Mathematik 2;2417;;0514;;120;KL;20201;J
IM;;172;2020;Baustoffe u. Geotechnik 2;1979;;;;60;KL;20201;J
IM;;172;2030;Verkehrsinfrastruktur 1;6874;;14230;;180;KL;20201;J
IM;;172;2040;Energie 1;15786;;;;90;KL;20201;J
IM;;172;2050;Projektmanag.u.-entw.1;0132;;15461;;90;KL;20201;J
IM;;172;2060;Bau-/Immobilienwirtschaft;1202;;;;60;KL;20201;J
IM;;172;3010;Versorgungstechnik;7410;;;;120;KL;20201;J
IM;;172;3030;Recht 1;9641;;;;90;KL;20201;J
IM;;172;3040;Wasserfachliche Grdl.;6174;;15621;;45;KL;20201;J
IM;;172;3050;Verkehrsinfrastruktur 2;14230;;;;90;KL;20201;J
IM;;172;3060;Projektmanagem.-u.entw.2;1974;;1597;;90;KL;20201;J
IM;;172;3070;Unternehmensführung 1;15679;;;;45;KL;20201;J
IM;;172;4015;Grundlagen Arbeitsschutz;8412;;;;45;KL;20201;J
IM;;172;5000;Arbeitsschutzmanagement;15994;;;;60;KL;20201;J
IM;;172;5010;Gebäudeenergietechn.;15063;;;;90;KL;20201;J
IM;;172;5020;Projektentw./Baumanag. 3;15982;;15489;;60;KL;20201;J
IM;;172;5030;Öffentl.Verwaltung.,Regul;2341;;7410;;60;KL;20201;J
IM;;172;6010;Siedlungswasserwirtschaft;6174;;1134;;180;KL;20201;J
IM;;172;6030;Verkehrsinfrastruktur 3;15364;;15358;;120;KL;20201;J
IM;;172;17130;Hydrol.u.Wasser.Schwerp.E;6174;;;;60;KL;20201;J
IM;;172;19100;Bahntechnik;6874;;;;45;KL;20201;J
IM;;172;19120;Raumplanung Schw.Verkehr;3904;;2111;;45;KL;20201;J
IM;;172;19130;Internationaler ÖPNV;6874;;15491;;60;KL;20201;J
KE;;141;1010;Angew.Mathematik 1;0017;;;;90;KL;20201;J
KE;;141;1020;Physikalische Grundl.1;0862;;;;120;KL;20201;J
KE;;141;1030;Gebäudetechnik 1;0862;;;;60;KL;20201;J
KE;;141;1040;Baukonst. u.Entwerfen 1;6281;;8713;;60;KL;20201;J
KE;;141;1060;Baugesch.u.Gebäudelehre;8713;;15208;;45;KL;20201;J
KE;;141;2010;Angwe. Mathematik 2;0017;;;;90;KL;20201;J
KE;;141;2020;Physikalische Grundl. 2;0862;;;;120;KL;20201;J
KE;;141;2040;Simulationswerkzeuge 1;0346;;;;240;KL;20201;J
KE;;141;2060;Tragswerksl. u. Material.;0862;;6317;;90;KL;20201;J
KE;;141;6050;Baugeschichte und Ethik;0862;;13711;;45;KL;20201;J
KE;;141;17490;Mathematik 4;1436;;;;90;KL;20201;J
KE;;192;21921010;Angew.Mathematik 1;0017;;;;90;KL;20201;J
KE;;192;21921020;Physikalische Grundl.1;0862;;;;120;KL;20201;J
KE;;192;21921030;Gebäudetechnik 1;0862;;;;60;KL;20201;J
KI;;131;1010;Entw Erd-/Grund-/Tunnelb.;0815;;1126;;60;KL;20201;J
KI;;131;1030;Strukturmechanik 1;15291;;0678;;120;KL;20201;J
KI;;131;1040;Beme./Konstr. Leichtbau 1;0820;;0183;;150;KL;20201;J
KI;;131;1050;Bauen und Erhalten 1;0499;;0820;;60;KL;20201;J
KI;;131;2020;Strukturmechanik 2;1131;;7845;;120;KL;20201;J
KI;;131;2030;Bemessen/Konst. Massivbau;15282;;1969;;150;KL;20201;J
KI;;131;2040;Beme./Konstr. Leichtbau 2;1131;;7845;;120;KL;20201;J
KI;;192;921921010;Plan. u. Entw. Geotechnik;1126;;3281;;60;KL;20201;J
KI;;192;921921030;Strukturmechanik 1;15291;;0678;;120;KL;20201;J
KI;;192;921921040;Stahl- und Stahlverbundb.;0820;;0183;;180;KL;20201;J
KI;;192;921921050;Bauen und Erh. 1;0499;;0820;;60;KL;20201;J
KI;;192;921921060;Recht;0815;;6817;;60;KL;20201;J
KI;;192;921922020;Strukturmechanik 2;15291;;1131;;120;KL;20201;J
KI;;192;921922030;Massivbau;15282;;1969;;150;KL;20201;J
KI;;192;921922040;Leichtbau;7845;;1131;;120;KL;20201;J
KI;;1922;921921010;Strukturmechanik 1;15291;;0678;;120;KL;20201;J
KI;;1922;921921020;Stahl- und Stahlverbundb.;15282;;1969;;150;KL;20201;J
KI;;1922;921921030;Recht;0815;;;;60;KL;20201;J
KI;;1922;921922020;Strukturmechanik 2;15291;;7845;;120;KL;20201;J
KI;;1922;921922030;Massivbau;15282;;1969;;150;KL;20201;J
MA;;132;2040;Management und Recht 2;6841;;;;90;KL;20201;J
MA;;192;301923020;Kostenmanagement;15440;;;;90;KL;20201;J
MA;;192;301928180;WPF Techn. Infrastruktur;6174;;7410;;90;KL;20201;J
MA;;192;301929120;WPF Baul.u.Lean cons.Mgmt;1224;;15440;;90;KL;20201;J
MA;;192;301929210;WPF Umweltrecht;0461;;;;60;KL;20201;J
MA;;192;301929260;WPF Verwaltungs-u.Grundst;3714;;;;90;KL;20201;J
MA;;192;301929290;WPF Bauorganisation;1224;;;;90;KL;20201;J
MA;;192;301929330;WPF Fremdsprache;2839;;;;;KL;20201;J
MB;;132;1010;Analysis 1;8461;;;;120;KL;20201;J
MB;;132;1020;Lineare Algebra 1;0412;;;;120;KL;20201;J
MB;;132;2010;Analysis 2;2417;;;;120;KL;20201;J
MB;;132;2020;Lineare Algebra 2;4169;;;;120;KL;20201;J
MB;;132;2030;Math. Anwendungen 2;3213;;;;60;KL;20201;J
MB;;132;2040;Grundlagen Informatik 2;4406;;;;120;KL;20201;J
MB;;132;3010;Stochastik;0082;;;;120;KL;20201;J
MB;;132;3020;Software Engineering;4406;;;;120;KL;20201;J
MB;;132;4010;Analysis 3;0514;;;;120;KL;20201;J
MB;;132;4020;Numerik;0095;;;;120;KL;20201;J
MB;;132;4040;Datenstrukturen/Algorith.;4406;;;;120;KL;20201;J
MB;;132;4045;PVL Datenstrukturen/Algo.;4406;;;;0;KL;20201;J
MB;;132;6010;Funktionentheorie;0455;;;;120;KL;20201;J
MB;;132;7010;Datenbanksysteme;0092;;;;60;KL;20201;J
MB;;132;7015;PVL Datenbanksysteme;0092;;;;0;KL;20201;J
MB;;182;1010;Analysis 1;8461;;;;120;KL;20201;J
MB;;182;1020;Lineare Algebra 1;0412;;;;120;KL;20201;J
MB;;182;2010;Analysis 2;2417;;;;120;KL;20201;J
MB;;182;2030;Math. Anwendungen 2;3213;;;;60;KL;20201;J
MB;;182;3010;Grundlagen Informatik 2;4406;;;;120;KL;20201;J
MB;;182;3020;Lineare Algebra 2;4169;;;;120;KL;20201;J
MB;;182;3030;Math. Anwendungen 2;3213;;;;60;KL;20201;J
MB;;182;4010;Analysis 3;0514;;;;120;KL;20201;J
MB;;182;4020;Numerik;0095;;;;120;KL;20201;J
MB;FV;132;4050;Wirtschaft;6415;;15819;;120;KL;20201;J
MB;FV;132;17160;Differentialgeometrie;1963;;;;120;KL;20201;J
MB;FV;132;17220;Versicherungsmathematik 2;1991;;1992;;120;KL;20201;J
MM;;132;2020;Numerische Mathematik;0095;;;;120;KL;20201;J
MM;;132;2120;Data Structures/Algor. II;15997;;;;120;KL;20201;J
MM;;132;2150;Data Bases;0092;;;;120;KL;20201;J
MM;FV;132;2050;Versicherungsmathem.;0017;;;;120;KL;20201;J
PB;;132;2030;Mathematik 2;1436;;1963;;120;KL;20201;J
PB;;132;3010;Schallschutz 1;3615;;1471;;120;KL;20201;J
PB;;132;3020;Wärmeschutz 1;0346;;0149;;90;KL;20201;J
PB;;132;3030;Mathematik 3;0346;;;;90;KL;20201;J
PB;;132;3050;Energietechnik 1;1436;;1471;;120;KL;20201;J
PB;;132;4010;Schallschutz 2;3615;;1471;;120;KL;20201;J
PB;;132;4020;Wärmeschutz 2;0346;;0149;;90;KL;20201;J
PB;;132;4030;Mathematik 4;1436;;;;90;KL;20201;J
PB;;132;4050;Energietechnik 2;1436;;0149;;120;KL;20201;J
PB;;132;6010;Theoret. Bauphysik Wärme;0346;;;;120;KL;20201;J
PB;;132;6030;Technischer Lärmschutz;1471;;3615;;60;KL;20201;J
PB;;132;6040;Raum- und Psychoakustik;0833;;1471;;120;KL;20201;J
PB;;132;6050;Energietechnik 3;1436;;0346;;120;KL;20201;J
PB;;132;7010;Theoret. Bauphysik Schall;1471;;;;120;KL;20201;J
PB;;132;7040;Betriebspsychologie;3715;;;;60;KL;20201;J
PB;;182;1010;Grundlagen Bauphysik 1;1471;;;;90;KL;20201;J
PB;;182;1020;Grundlagen Physik 1;1436;;1471;;90;KL;20201;J
PB;;182;1040;Grundlagen Bau 1;0346;;6281;;90;KL;20201;J
PB;;182;1050;Betriebswirtschaftslehre;15804;;;;60;KL;20201;J
PB;;182;1060;Fremdsprache;2839;;;;60;KL;20201;J
PB;;182;2010;Grundlagen Bauphysik 2;0346;;1471;;90;KL;20201;J
PB;;182;2020;Grundlagen Physik 2;1471;;1436;;90;KL;20201;J
PB;;182;2025;Vorl. Grundlagen Physik 2;1471;;1436;;;KL;20201;J
PB;;182;2030;Mathematik 2;1436;;1963;;120;KL;20201;J
PB;;182;2035;Vorleistung Mathematik 2;1963;;1436;;;KL;20201;J
PB;;182;2040;Grundlagen Bau 2;0346;;6281;;90;KL;20201;J
PB;;182;2050;Recht;1947;;;;60;KL;20201;J
PB;;182;3010;Schallschutz 1;3615;;1471;;120;KL;20201;J
PB;;182;3020;Wärmeschutz 1;0346;;0149;;90;KL;20201;J
PB;;182;3030;Mathematik 3;0346;;;;60;KL;20201;J
PB;;182;3050;Energietechnik 1;1436;;1471;;120;KL;20201;J
PB;;182;4010;Schallschutz 2;3615;;1471;;120;KL;20201;J
PB;;182;4020;Wärmeschutz 2;0346;;0149;;90;KL;20201;J
PB;;182;4030;Mathematik 4;1436;;;;60;KL;20201;J
PB;;182;4050;Energietechnik 2;1436;;0149;;120;KL;20201;J
PB;;182;4070;Betriebspsychologie;3715;;;;60;KL;20201;J
PB;;182;6010;Hygrothermische Bauphysik;0346;;;;120;KL;20201;J
PB;;182;6030;Technischer Lärmschutz;1471;;3615;;60;KL;20201;J
PB;;182;6040;Raum- und Psychoakustik;0833;;1471;;120;KL;20201;J
PB;;182;6050;Energietechnik 3;7412;;0346;;120;KL;20201;J
PG;;162;1010;GIS;0027;;15660;;180;KL;20201;J
PG;;162;1020;Photogrammetry/Remote S.;0236;;0790;;180;KL;20201;J
PG;;162;1030;Geostatistics /Surface M.;0790;;0696;;150;KL;20201;J
PG;;162;1040;Scientific Skills, Inter.;0139;;;;90;KL;20201;J
PG;;162;2010;Planning, Organisation/M.;1098;;3254;;120;KL;20201;J
PG;;162;2020;Advanced Topics in PRS;0790;;0236;;90;KL;20201;J
PG;;162;2030;Geodata: Capture, Sources;0521;;0133;;90;KL;20201;J
PG;;162;18100;Radar;0649;;0790;;60;KL;20201;J
PM;IBM;191;1020;Management Basics;0553;;;;90;KL;20201;J
PM;IBM;191;1040;Project Managment;0553;;;;;KL;20201;J
PM;IBM;191;2020;Managing Business/Finance;0553;;;;150;KL;20201;J
PM;IBM;191;2030;Managing Information;0553;;;;60;KL;20201;J
PM;IBM;201;322011020;Management Basics;0553;;;;60;KL;20201;J
PM;IBM;201;322011040;Project Managment;0553;;;;60;KL;20201;J
PM;ITM;191;1020;Management Basics;0553;;;;60;KL;20201;J
PM;ITM;191;1040;Project Managment;0553;;;;60;KL;20201;J
PM;ITM;191;2010;Managing Real Estate/Inf.;0553;;;;60;KL;20201;J
PM;ITM;191;2020;Managing Business/Finance;0553;;;;150;KL;20201;J
PM;ITM;191;2030;Managing Information;0553;;;;90;KL;20201;J
PM;ITM;201;322011020;Management Basics;0553;;;;60;KL;20201;J
SP;;171;1030;Sekt. Entwicklungsplanung;1023;;5402;;60;KL;20201;J
SP;;171;1040;Regionalentwicklung;1023;;5402;;90;KL;20201;J
SP;;171;3020;Planen im Bestand;0468;;5402;;;KL;20201;J
SP;;171;3030;Bodenordnung und Immobil;0561;;5402;;150;KL;20201;J
SP;;171;17820;Umweltrecht;0461;;5402;;60;KL;20201;J
SP;;171;17860;Stadtklimatologie;0485;;5402;;60;KL;20201;J
SP;;171;17880;Stadtbaugeschichte;6120;;5402;;90;KL;20201;J
SP;;171;17900;Techn.Infrastruktur;6174;;5402;;90;KL;20201;J
ST;;91;1010;Concepts Programm. Lang.;1741;;;;120;KL;20201;J
ST;;91;1020;Databases II;0092;;;;120;KL;20201;J
ST;;91;1040;Software Engineering II;0342;;4406;;120;KL;20201;J
ST;;91;1100;Cryptographic Algorithms;15997;;;;120;KL;20201;J
ST;;91;1130;Computer Vision;1066;;;;120;KL;20201;J
ST;;91;2020;System Design;4406;;;;120;KL;20201;J
ST;;91;2030;Software Verification;15865;;;;90;KL;20201;J
ST;;91;2040;Middleware Technology;0342;;;;120;KL;20201;J
ST;;91;2120;Business Intelligence;0092;;;;90;KL;20201;J
UL;;172;7200;Umwelttechnologien;15786;;;;60;KL;20201;J
UL;;172;7300;Informationstechnologien;1132;;15842;;60;KL;20201;J
UL;;172;7400;Umwelt und Logistik;1132;;;;120;KL;20201;J
UL;;172;7500;Transportmanagement;1132;;;;120;KL;20201;J
UL;;172;8100;Logistikmanagement;15452;;;;60;KL;20201;J
UL;;172;8400;Umweltrechnung;1132;;;;60;KL;20201;J
VB;;121;1040;GMP Polarverfahren;0696;;0139;;120;KL;20201;J
VB;;121;2010;Mathematik 2;2745;;;;120;KL;20201;J
VB;;121;2020;Physik;15649;;;;90;KL;20201;J
VB;;121;3040;Informationstechnologien;0139;;;;90;KL;20201;J
VB;;121;4010;Photogrammetrie;0236;;0790;;180;KL;20201;J
VB;;121;4020;Nahbereichsvermessung;0236;;3691;;120;KL;20201;J
VB;;121;4040;Progr.konzepte der Geoinf;0521;;0139;;90;KL;20201;J
VB;;121;6020;Behördliches Vermessungsw;15962;;0521;;90;KL;20201;J
VB;;121;6040;Betriebswirtschaft;6715;;0521;;90;KL;20201;J
VB;;182;1020;GMP Polarverfahren;0696;;0139;;120;KL;20201;J
VB;;182;1040;Grundl.Geog.Informations.;0521;;15660;;120;KL;20201;J
VB;;182;2010;Mathematik 2;2745;;;;120;KL;20201;J
VB;;182;2020;Physik;15649;;;;90;KL;20201;J
VB;;182;2030;GMH Positions-/Höhenbest.;3691;;;;90;KL;20201;J
VB;;182;2040;Satellitenges.Postitionsb;15959;;0521;;60;KL;20201;J
VB;;182;2050;Programmieren 1;0521;;;;90;KL;20201;J
VB;;182;3010;Ausgleichungsrechn./Stat;0133;;0790;;120;KL;20201;J
VB;;182;3020;Ing.bau/Ing.vermessung;3684;;0521;;90;KL;20201;J
VB;;182;3030;Räuml.Datenbank u.Datenmo;0027;;8415;;90;KL;20201;J
VB;;182;4010;Photogrammetrie;0236;;0790;;120;KL;20201;J
VB;;182;4020;Nahbereichsvermessung;3691;;;;90;KL;20201;J
VB;;182;4030;Behördl. Vermessungsw.u.R;15962;;0521;;90;KL;20201;J
VB;;182;4040;Programmieren 2;0139;;0521;;90;KL;20201;J
VIS;;162;1020;Betrieb von Straßen;6874;;;;180;KL;20201;J
VIS;;162;1030;ÖPNV Straße u.Schiene;6874;;;;180;KL;20201;J
VIS;;162;1040;Transportlogistik;0203;;;;120;KL;20201;J
VIS;;162;2010;Binnenschifffahrt u.Luftv;0203;;;;105;KL;20201;J
VIS;;162;2020;Bemessung u.Erhaltung v.S;6874;;;;135;KL;20201;J
VIS;;162;2030;Rechtsverfahren u.Planung;0203;;;;120;KL;20201;J
VIS;;162;3010;Integriertes Arbeiten;0203;;;;60;KL;20201;J
VIS;;162;17660;Tunnelbau 1/Bauverf.i.TUB;0815;;;;30;KL;20201;J
VIS;;162;17670;Bauman.III/Grdl.Bauvertra;15361;;1597;;40;KL;20201;J
VIS;;162;17690;Recht II/Immobilienbewert;0115;;;;60;KL;20201;J
VIS;;162;17700;Personal und Recht IV/Per;1369;;1597;;60;KL;20201;J
VM;;182;2010;Geodatenmanagement;0521;;0027;;20;KL;20201;J
VM;;182;2020;Liegenschaftsk./Planung;0568;;15660;;90;KL;20201;J
VM;;182;17120;Geod:Capture,Sources;0133;;0521;;120;KL;20201;J
VM;;182;20320;Geotechnik I;0815;;;;90;KL;20201;J
VM;;182;20350;Bau-/Immobilienwirtschaft;1202;;;;60;KL;20201;J
VM;;182;20360;Energiesysteme;6745;;;;60;KL;20201;J
VM;;182;20370;Bodenmechanik und Erdbau;3281;;;;120;KL;20201;J
VM;;182;20380;Planning, Organisation/M.;1098;;3254;;120;KL;20201;J
VM;;182;20390;Mobilitätskonzepte;15364;;6874;;60;KL;20201;J
VM;;182;20410;Entw.von Verkehrsanlagen;6874;;;;90;KL;20201;J
VM;;182;20500;Tunnelbau 1;0815;;;;90;KL;20201;J
WBI;;112;4010;Konstr.Ingenieurbau;1832;;;;90;KL;20201;J
WBI;;112;4020;Bauphysik und Vermessung;5454;;0521;;150;KL;20201;J
WBI;;112;4030;Baumanagement III;1111;;1597;;120;KL;20201;J
WBI;;112;4040;Investition u.Finanz.;1111;;1039;;120;KL;20201;J
WBI;;112;4050;Energie;15786;;5454;;90;KL;20201;J
WBI;;112;5011;Grundlagen Arbeitsschutz;8412;;1597;;60;KL;20201;J
WBI;;112;5016;Arbeitsschutzmanagement;9871;;1597;;60;KL;20201;J
WBI;;112;16000;Wärmeschutz 1;5454;;;;90;KL;20201;J
WBI;;112;16010;Heizung,Klima,Lüftung 1;5454;;;;45;KL;20201;J
WBI;;112;16040;Grundst- u. Grundb.recht;3698;;;;45;KL;20201;J
WBI;;112;16050;Kauf- und Mietvertrag;14702;;3698;;45;KL;20201;J
WBI;;112;16080;Energiekonzepte;5454;;;;45;KL;20201;J
WBI;;112;17000;Immobilienfin.u.-inves.;3698;;;;45;KL;20201;J
WBI;;182;1010;Mathematik I;15351;;1832;;45;KL;20201;J
WBI;;182;1020;Mechanik I;1832;;;;90;KL;20201;J
WBI;;182;1030;Baustoffkunde u.Bauphysik;14014;;5454;;120;KL;20201;J
WBI;;182;1040;Volkswirtschaft + Recht 1;7410;;14014;;120;KL;20201;J
WBI;;182;1050;Betriebswirtschaft;1111;;3698;;120;KL;20201;J
WBI;;182;2010;Mathematik II;4169;;1832;;120;KL;20201;J
WBI;;182;2030;Geotechnik u. Vermessung;3691;;5454;;120;KL;20201;J
WBI;;182;2050;Rechnungswesen;16025;;1111;;120;KL;20201;J
WBI;;182;3010;Architektur und Städtebau;14014;;;;45;KL;20201;J
WBI;;182;3020;Baukonstruktion u.Brands.;14014;;0597;;30;KL;20201;J
WBI;;182;3050;Bilanzierung u.Steuerl.;1111;;15835;;120;KL;20201;J
WBI;;182;4020;Wärmes.u.Energiet.I;5454;;;;120;KL;20201;J
WBI;;182;4030;Baumanagement III;1597;;1111;;60;KL;20201;J
WBI;;182;4040;Investition u. Finanzier.;1111;;1039;;120;KL;20201;J
WBI;;182;4050;Schlüsselfertigbau;14014;;1597;;60;KL;20201;J
WBI;;182;4060;Arbeitsschutz;8412;;1597;;60;KL;20201;J
WBI;;201;642011010;Mathematik I;15351;;1832;;45;KL;20201;J
WBI;;201;642011030;Baustoffkunde u.Bauphysik;14014;;5454;;120;KL;20201;J
WBI;;201;642011040;Volkswirtschaft + Recht 1;7410;;14014;;120;KL;20201;J
WBI;BE;112;6010;Immobilienökonomie;3698;;0115;;60;KL;20201;J
WBI;BE;112;6020;Recht III;3142;;1111;;120;KL;20201;J
WBI;BE;112;6040;Wärmesch. u. Energietec.I;5454;;;;120;KL;20201;J
WBI;BE;112;7010;Personal und Recht IV;1369;;1597;;120;KL;20201;J
WBI;BE;112;7020;Bauen im Bestand;3674;;14014;;26;KL;20201;J
WBI;BE;112;7030;Energietechnik II;5454;;;;120;KL;20201;J
WBI;IW;112;6010;Immobilienökonomie;3698;;0115;;120;KL;20201;J
WBI;IW;112;6020;Recht III;3142;;1111;;120;KL;20201;J
WBI;IW;112;6050;Immobilienrecht;3698;;;;90;KL;20201;J
WBI;IW;112;7010;Personal und Recht IV;1369;;1597;;120;KL;20201;J
WBI;IW;112;7020;Bauen im Bestand;3674;;14014;;26;KL;20201;J
WI;;112;1020;Diskrete Mathematik;0514;;;;90;KL;20201;J
WI;;112;1030;Grundlagen der BWL;15675;;;;90;KL;20201;J
WI;;112;1050;Grundl. Wirtschaftsinfor.;3251;;;;60;KL;20201;J
WI;;112;2010;Mathematik 2;2002;;;;120;KL;20201;J
WI;;112;2020;Volkswirtschaftslehre;0386;;;;90;KL;20201;J
WI;;112;2030;Betriebl. Rechnungswesen;4136;;;;90;KL;20201;J
WI;;112;2050;Programmieren 2;4123;;;;120;KL;20201;J
WI;;112;3010;Operations Research;3213;;;;90;KL;20201;J
WI;;112;3030;Kosten-/Leistungsrechnung;0694;;;;120;KL;20201;J
WI;;112;3040;Datenbanksysteme;0312;;;;60;KL;20201;J
WI;;112;3050;IT-Sicherheit;3251;;;;90;KL;20201;J
WI;;112;4010;Statistik;3213;;;;90;KL;20201;J
WI;;112;4020;Grundlagen der  Logistik;15452;;;;90;KL;20201;J
WI;;112;4030;Software Eng.Modellierung;0388;;;;120;KL;20201;J
WI;;112;4060;Unternehmens-Softw. 2;1426;;;;60;KL;20201;J
WI;;112;7010;Betriebspsychologie;3512;;;;60;KL;20201;J
WI;;112;7030;Recht;2413;;;;60;KL;20201;J
WI;;112;17140;Investition und Finanzi.;1678;;;;90;KL;20201;J
WI;;112;17200;Datenstrukt./Algorithmen;4406;;;;120;KL;20201;J
WI;;112;17210;Verteilte Systeme;15950;;;;120;KL;20201;J
WI;;112;17300;eCommerce;1426;;;;90;KL;20201;J
WP;;132;9001;Diagnostik;2871;;4715;;60;KL;20201;J
WP;;172;8004;Rechn. u. Finanzman. I;14333;;1039;;150;KL;20201;J
WP;;172;8005;Lean Management;1304;;2151;;120;KL;20201;J
WP;;172;8007;Grundlagen Recht;8911;;7777;;150;KL;20201;J
WP;;172;9001;Diagnostik;2871;;4715;;60;KL;20201;J
WPM;;162;1020;Forschungsmethoden I;7365;;15445;;90;KL;20201;J
WPM;;162;1040;Marketing & Konsumentenp.;8911;;;;90;KL;20201;J
WPM;;162;1050;Psychologische Asp.Org.I;3123;;2394;;60;KL;20201;J
